label,text
siyaset , 3 milyon ile ön seçim vaadi mhp nin 10 olağan büyük kurultayı nda konuşan genel başkan adayı koray_aydın seçimlerden önce partinin üye sayısının 3 milyona ulaştırılması hedefini koyarak ön seçim uygulaması vaadinde bulundu mhp nin 10 olağan büyük kurultayı nda konuşan genel başkan adayı koray_aydın seçimlerden önce partinin üye sayısının 3 milyona ulaştırılması hedefini koyarak ön seçim uygulaması vaadinde bulundu genel_başkan adayı koray_aydın kürsüye beklenirken yapılan tezahüratlar ve ıslıklamalar üzerine divan başkanı tuğrul_türkeş mhp nin genel başkanlığı da genel başkan adaylığı da saygıdeğer işlerdir bu salondaki herkes ciddiye almak zorundadır dedi ve taşkınlıklara izin verilmeyeceğini salonda sükunet sağlanmadan konuşmaların başlamayacağını vurguladı türkeş devlet_bahçeli nin kurultay açılışında konuştuğu için adaylık nedeniyle ikinci bir konuşma yapmayacağını açıkladı konuşmasında kurultayın mhp nin tek başına iktidarına vesile olmasını dileyen aydın ak_parti nin mhp yi eleştirirken kaleleri bir bir fethederek yollarına devam ettiklerini söylediğini hatırlatarak iktidarın basın ve sivil toplumu susturduğunu ifade etti ak_parti nin bürokraside taş üstüne taş bırakmadığını ileri süren aydın ülkücüleri düşman kabule ederek onları kıyma makinelerinden geçirecek bir zihniyetle sürgün ederek oraya buraya saldırarak bürokrasideki ülkücü kadrolara savaş açtılar dedi yaşanan bütün skandalların ardından devleti çete mantığıyla yöneten siyasi iktidarın olduğunu savunan aydın iktidarın belediyelere sahte raporlarla ve dinlemelerle saldırdığını savunan aydın arkasından habur dan içeri soktukları vatan hainlerine karşılama törenleri yetmez gibi oslo da teröristlerle kurdukları pazarlık masalarında suçüstü yakalanınca da ben görmedim diyerek bunu ispat edecek biri varsa şerefle ispat etsin diyerek ses kayıtları çıkınca da kıvırarak sahiplenemeyerek yaptığı işin üzerine şal örtmeye çalışarak siyasi riyakarlıkta sınır tanımayan siyasi iktidarla karşı karşıyayız diye konuştu mintika temizliği yapiyorlar ak_parti nin ne yaptığını iyi bildiğini türkiye de ihtilal teşebbüsü var diyerek ordunun subaylarını yargılama adı altında cezaevine koyduğunu savunan aydın önce milletin bu darbeciler ortadan kalksın diyerek desteklediği sonra plan gereği sürek avına çevirerek türk ordusunun neredeyse yarısını içeri atan bu zihniyet mıntıka temizliği yapıyor kuracakları yeni türkiye modeline engel olmasın diye bunları kaldırıyorlar bu işi haince yapanlar ne zaman ki şehit cenazeleri türkiye yi ağlatmaya başlarken acılarımızla yaşarken türkiye nin başbakanı gerekirse öcalan la yeniden görüşebilirim diyor sayın_başbakan ne görüşeceksin öcalan la ne söyleyeceksin oraya bir masa koymuşsun masanın üstünde türkiye karşında öcalan ne kadar istiyorsun şu kadar versem yeter mi diyeceksin öcalan yüzsüzlük eder de türkiye nin tamamını isterse ne yapacaksın diye konuştu o zaman ne yapacağiz yeni anayasa kapsamında türk milletinin adının anayasadan çıkarılarak bir alt kimlik haline getirileceğini türk milletine etnisite temelli yaklaşılacağını savunan aydın bu_türk milletinin varlığını ötüken de söğüt te türk olan türk milletinin varlığını ortadan kaldırma çabasıdır bu işin sonudur çünkü şu anda kendisiyle benzeşen anamuhalefetle anlaşıp anayasadan türk milletinin adını çıkarırlarsa yapılacak bir şey kalmaz meclis sayısal çoğunlukla yönetiliyor bunlar sinsi her işi alttan alttan götürüyorlar böyle bir adım atar bu büyük milletin adını çıkararak türk milletini bir alt kimlik haline dönüştürürlerse ne yapacağız bunu yaparlarsa 5 yıl 10 yıl sonra bu ülkenin adının türkiye olmasına gerek yoktur derlerse ne yapacağız bu sinsi planı iyi görelim bunu için bir şeyler yapmamız harekete geçmemiz lazım dedi şubat ta 1 milyon olarak toplanirsak … kimsenin türkiye de olanlara arkasını dönemeyeceğini ifade eden aydın özetle şunları söyledi meydanlara ineceğiz türk milletine gideceğiz milletle bütünleşeceğiz onu bekleyen bu tehlikeler hakkında uyaracağız anlatacağız onu yanımıza almaya çalışacağız o büyük gücü harekete geçirir meydanlara iner onların dikkatini çekip yanımıza alırsak şubat ayında 1 milyon olarak toplanırsak hangi vatan hainleri bunu yapmaya cesaret edebilir türk milletinin bunu anlamasını sağlamamız lazım bunun için güçlü bir mhp ye ihtiyaç var 43 yıllık fikri birikimi üzerinden türk milletini bütün problemlerine getireceği çözüm önerilerini bir iktidar projesine dönüştürerek türk milletini karşısına çıkıp iktidar istersek bu coşku ve heyecanı ona aksettirirsek bu millet bu şaşkınlıkla etrafına bakınırken ben nereye bakacağım sorusunu sorarken bu millet elimizi tutacak ve mhp ile yeniden ayağa kalkacaktır hedef 3 milyon üye bu mücadelede ilk doğru adımın ülkücü hareketin birliğini ve dirliğini sağlamak olduğunu kaydeden aydın harekete bir gün bile hizmet etmiş her ülküdaşlarıyla kucaklaşmak ve bir araya gelmek mecburiyetinde olduklarını ifade etti ülkücüleri ülküdaşlık hukuku temelinde kaynaştırmadan büyük hedeflere yürüyemeyeceklerini anlatan aydın bunu temel hareket noktası kabul ediyoruz birey temelli bir hareketin başlaması için önce partide üyelik sistemini bir kampanyaya çevireceğiz seçime kadar 3 milyon üye yaparak ailelerimizin fertlerini genişleteceğiz bunu iller arası yarışa çevireceğiz mhp nin 3 milyon üyeli geniş aile haline gelmesini sağlayacağız dedi önseçim vaadi genel_başkan seçilmesi halinde mhp ailesini genişleteceğini kaydeden aydın bunu yapınca bu 3 milyon kişi kurulan sandıklarla yapacağı bir ön seçimi size vaat ediyorum bunu taban güvenmek demektir böyle bir ön seçim yapıldı mı ankara da kimse genel merkez katlarında dolaşmayacak tabana size gidecek hasta olanın düğünü olanın yanında olacak yere düşeni ayağa kaldıracak böylece bu büyük aile fertleri bir birini anlayacak bu güzel sözün olduğu ortamın inşası demektir bu kötü söz olanın tasfiye edileceği liyakatın esas alınacağı yeni bir sistemin gelmesin demektir bu adımı atar aile fertleri arasında huzuru sağlarsak örgütlenme modelini buna paralel değiştirirsek mhp nin içinde huzur sağlanır diye konuştu bu bir kişiyi korumak için kelle avcısı rolü üstlenip ülküdaşlarını yok farz ederek küskünler ordusu yarattığın bir sitemin anlaşılması demektir diyen aydın mhp her yerde sloganıyla parti içinde hareketlilik sağlayacaklarını halka dokunacaklarını ifade etti ve tabanla bütünleşmiş mhp ye ihtiyaç var bunun içi bir iktidar projesi koyarak aday olduk biz iktidar olmak istiyoruz dedi aydın türk milletinin yalnızlığı yaşadığı bir durumda etrafına bakındığı kendini kaldıracak birini bekleyen türkiye nin mhp nin kendisine ulaşmasıyla yarın elbet bizimdir diye haykıracağını ifade etti haber anka foto emre senoglu murat oztek
siyaset , mesut_yılmaz yüce_divan da ceza alabilirdi prof dr sacit adalı isviçre deki banka eski başbakan mesut_yılmaz ın bankada 14 milyon doları var iddiasına cevap verseydi yüce_divan da hakkında verilen karar daha farklı olabilirdi dedi anayasa_mahkemesi eski üyesi turgut_özal üniversitesi hukuk_fakültesi dekanı prof dr sacit adalı isviçre deki banka eski başbakan mesut_yılmaz ın bankada 14 milyon doları var iddiasına cevap verseydi yüce_divan da hakkında verilen karar daha farklı olabilirdi dedi adalı yüce_divan ın rüşvet aldığı iddia edilen eski yargıtay 6 hukuk_dairesi başkanı hasan erdoğan ile rüşvet vermekle suçlanan istanbul_ticaret_odası başkanı murat_yalçıntaş ın da aralarında bulunduğu 15 sanık hakkında soruşturma evresinde elde edilen delillerden bir kısmının hukuka uygun olmaması nedeniyle verdiği beraat kararını değerlendirdi bu bir takdir meselesidir diyen adalı anayasa_mahkemesi üyelerinin görüşlerine saygı duyduğunu söyledi adalı kanun dışı delillerin davanın seyrini değiştirebilecek durumda ise kabul edilebileceğini belirtti rüşvet alınıp verilirken kameralar çalışmamış tam çekemeyince ortada bir şey yok sadece polislerin gördük dediği olaylar var diyen adalı anayasa_mahkemesi üyelerinin çoğunluğunun bunu kabul etmediğini kaydetti adalı bu üyelerin takip etmenin hakim kararıyla olması gerekirken adalet müfettişinin emriyle yapıldığını söylediklerini karara muhalif olan üyelerin ise müfettişlerin resmi makam oluşları ve güvenlik güçlerinin onların emriyle takip etmesini makul karşıladıklarını belirterek bunu delil saydıklarını bildirdi mesut_yılmaz hakkındaki iddia adalı size göre yasa dışı elde edilen deliller kabul edilebilir mi sorusuna mesut_yılmaz ın 2006 da yüce_divan da yargılandığı davayla ilgili görüşünü açıklayarak şu yanıtı verdi anayasa_mahkemesi yılmaz ın yüce_divan da yargılanmasında böyle bir durumu kaale almıştı yasa dışı elde edilen delillerin araştırılmasını kabul etmişti mahkemeye yurt dışından imzası olmayan sahte isimle bir mektup gelmişti mektupta mesut_yılmaz ın isviçre nin şu bankasındaki şu numaralı hesabında 14 milyon doları var deniliyordu mahkeme bunu çok tartıştı imzasız mektup asla kabul edilemez denildi ama ortada 14 milyon dolar gibi yüksek bir rakam vardı ya doğruysa hiç değilse soralım denildi ve isviçre deki bankaya soruldu banka ticari sırdır mudilerimizin hesabının sırrını veremeyiz dedi mahkeme ısrar etti ikinci kez devlet adına istedi gene vermediler mahkeme mesut_yılmaz hakkında devlet eski bakanı güneş taner le birlikte türkbank ihalesine fesat karıştırdıkları iddiasıyla yargılandıkları davada davanın kesin hükme bağlanmasını şartla salıverilme yasası uyarınca erteledi daha farklı karar çıkabilecekti adalı o belge delil olsaydı belki ceza alabilirdi sözlerine evet yanıtını verdi adalı eğer hakikaten isviçre den evet doğru bu kadar para var cevabı gelseydi herhalde mahkeme imzasız ve isimsiz diye onu reddetmeyecek ve kaale alacaktı mesut_yılmaz hakkında daha farklı bir karar çıkabilecekti dedi bu durumda yasa dışı elde edilen delillerin kabul edilebileceğini belirten adalı prensipte kabul edilmemesi lazım ama önemli bir bulguya ulaştıracaksa davanın seyrine tesir edecek bir belge şahitlik gibi bir şey ortaya koyacaksa diğer başka deliller de onu destekliyorsa kabul edilebilir diye konuştu coşkun ergül aa
siyaset , disko lar kaldırılıyor başbakan_yardımcısı arınç disko diye tabir edilen disiplin koğuşlarının kaldırılacağını söyledi bakanlar_kurulu toplantısı sona erdi başbakan_recep_tayyip_erdoğan başkanlığında başbakanlık_merkez_bina daki toplantı yaklaşık 6 saat sürdü toplantının ardından başbakan_yardımcısı ve hükümet sözcüsü bülent_arınç açıklama yaptı tsk disiplin kanunu nda değişiklik milli_savunma_bakanı_ismet_yılmaz ın da türk_silahlı_kuvvetleri tsk disiplin kanunu tasarısı adıyla bir sunum yaptığını ifade eden arınç 49 maddeden oluşan tasarıyla tsk personeline uygulanacak disiplin hükümlerinin yeniden düzenlendiğini kaydetti bu tasarı ile tsk disiplin kanunu nda kamuoyunda zaman zaman tartışılan şikayetlere yol açan bazı konuların düzenlendiğine işaret eden arınç tasarı ile oda ve göz hapsi cezalarının kaldırıldığını disko diye tabir edilen disiplin koğuşları ve disiplin ceza ve tutukevlerinin kaldırılacağını anlattı disiplin mahkemeleri yerine disiplin kurullarının teşkil edilmesinin öngörüldüğünü daha önce yargı yolu kapalı bazı disiplin cezalarına yargı yolunun açıldığını belirten arınç tsk da görev yapan sivil memurların kapsam dışına çıkarılarak bunların 657 sayılı devlet memurları kanuna tabi hale getirileceğini bildirdi arınç şahin ve yılmaz ın sunumlarını yaptığı tasarıların bakanlar_kurulu nda benimsenerek tbmm ye gönderilmesine karar verildiğini söyledi 4 yargı paketi arınç adalet_bakanı_sadullah_ergin in de kamuoyunda 4 yargı paketi olarak bilinen bazı_kanunlarda değişiklik yapan kanun tasarısı hakkında bilgi sunduğunu ifade etti tasarıyla ilgili genelde olumlu görüşler bildirildiğini ancak bazı maddelerinin tekrar ele alınması bu maddelerdeki düzenlemelerin kanunlardaki düzenlemelere paralel hale getirilmesinin uygun görüldüğünü kaydetti adalet_bakanlığı nın hazırladığı kanun tasarısının daha önce de bir kez bakanlar_kurulu nda görüşüldüğünü anımsatan arınç 8 kanunda 20 den fazla maddede değişiklik yapılmaktadır bunların bir kısmı avrupa_insan_hakları_mahkemesi nde bulunan davalarımız ve bu davaların nitelikleriyle ilgili gelişmeler üzerine yapılmıştır bir kısım maddeler tamamen teknik maddelerdir bir kısmı ise suçun unsurlarında ve ceza hadlerinde değişiklik yapılması amaçlanmaktadır henüz tasarı haline gelmemiştir önümüzdeki bakanlar_kurulu nda tekrar görüşülecektir dedi turgut_özal ın otopsisi arınç turgut_özal ın otopsisinde 4 çeşit zehir bulunduğu iddiasına ilişkin bunların otopsi raporu sonucunda elde edilen bilgiler ve bulgular olduğu söylendi doğru da olabilir yanlış da olabilir henüz otopsi raporunun bizim tarafımızdan da sizler tarafından da bilinmesinin bilinmesinin mümkün olmadığını düşünüyorum ama doğru olan şudur otopsi raporunun verilmesinden sonra adli_tıp ın 1 ihtisas dairesi nin bu rapora göre kesin kendi düşüncesini bildirmesi ve raporunu yazması gerekiyor bizim de sizin de mahkemelerin de yargının da dikkate alacağı tek şey 1 ihtisas kurulu nun bu konu hakkındaki raporunu veya sonucunu hepimizin bildikten sonra olabileceğini söyleyebilirim hepimiz adli_tıp ın raporunu bekleyeceğiz kendi düşüncesinin sorulması üzerine arınç şahsi düşüncem zaten bu konuda söz konusu olamaz bu bir teknik konudur diye konuştu her olay arkasından gerekirse otopsinin yapıldığını ifade eden arınç şöyle konuştu ben zamanında da yapılmış olmasını doğrusu arzu ederdim bir cumhurbaşkanı vefat ediyor şu veya bu sebeple en azından bir klasik otopsi yapılmasında fayda olurdu bu düşüncemi daha önce de ifade etmiştim diye konuştu savcının lüzum gördüğü her adli vakada otopsi yaptığını belirten arınç eğer klasik otopsinin ötesinde de bazı şüpheler evhamlar iddialar olursa o zaman tam otopsi yapılabilir bir ceza avukatı olarak bunu bilgime dayanarak söylüyorum ama yıllar sonra iddialar ortaya atıldıkça ve devlet_denetleme_kurulu da bu konuda ciddi bir rapor verdikten sonra sayın_cumhurbaşkanımızın talimatıyla başlamıştı yargı harekete geçti fethi kabir yapıldı orada varlığı bilinen vücuda ait bir takım birikimler üzerinde otopsi yapıldı ve bunun raporu adli_tıp a sunulmak üzere hazırlandı diye biliyorum hepimiz adli_tıp ın raporunu bekleyeceğiz dedi patriot füzeleri arınç nato dan talep edilen patriot füzelerine ilişkin olarak yarın itibarıyla bu konuda türkiye ye teknik bir heyet gelecektir ve nerelere konuşlanabileceği adetlerinin ne olabileceği konusunda nato ya rapor vereceklerdir umarız kısa zamanda türkiye nin bu savunmasına katkı sağlamak amacıyla patriot füzelerinin nereye konuşlanacağı ve ne miktarda olacağı kesinlikle bizim de karar sürecinde olacağımız bir şekilde kabul edilmiş olacak dedi arınç türkiye nin nato dan talep ettiği patriot hava ve füze savunma sistemlerine ilişkin biz nato üyesi bir ülkeyiz nato nun bütünlüğü içerisinde yer alıyoruz sadece savunma amaçlı olarak bu füzelerin türkiye de konuşlanmasına ihtiyaç olduğunu düşünüyoruz dedi arınç bağdat merkezi hükümetiyle irak ın kuzeyindeki bölgesel yönetim arasında ihtilaf konuları var biz_türkiye olarak irak ın bütünlüğünü kabul etmiş bağdat hükümetiyle ilişkileri bulunan bir hükümet olarak bu sorunların kendi içlerinde diplomasi ve barış yoluyla çözülmesinden yanayız bu tartışmaların bu silahlı çatışmaların hiçbir zaman tarafı da olmayacağız ama kerkük teki yurttaşlarımızın soydaşlarımızın güvenliklerini hayat varlıklarını tehdit eden bir gelişme olursa türkiye irak hükümeti nezdinde de diğer otonom yönetim nezdinde de gerekli çabaları gösteriyor ve gösterecek dedi
dunya , rusya da şok suikast ! suriye ye askeri malzeme gönderen rus şirketin yöneticisi öldürüldü suriye ye askeri malzeme gönderen rusya nın tula kentindeki konstruktorskoye büro priborostroyeniye kbp fabrikasında üst düzey görevli olarak çalışan vyaçeslav truhaçev 1954 uğradığı silahlı saldırı sonucu hayatını kaybetti intefax a açıklamada bulunan kaynak savunma sanayi uzmanının ölümünün işi ile ilgili olabileceğini kaydetti kaynak öldürülme olayı ile ilgili temel teori iş ikinci gerekçe ise intikam olabilir dedi rusya soruşturma komisyonu ndan yapılan açıklama truhaçev in dün akşam saatlerinde iş çıkışı kiralık katil tarafından öldürüldüğü belirtildi kbp de genel_müdür yardımcısı olarak görev yapan truhaçev in cesedi apartmanının önünde başından vurulmuş olarak bulundu rusya soruşturma komisyonu sözcüsü vladimir markin truhaçev cinayetinin araştırılması için merkez teşkilattan bölgeye uzmanların gönderildiğini ifade etti türkiye nin suriye ye giden yolcu uçağını askeri kargo bulunduğu gerekçesi ile indirilmesinin ardından kbp nin adı gündeme gelmişti başkent_moskova ya 200 kilometre mesafede bulunan tula kentindeki fabrikada üretilen askeri mühimmat suriye ye sivil uçakla gönderilmek istenirken türkiye müdahalede bulunmuş ankara ya indirilen uçakta bulunan radar sistemlerinde kullanılacak elektronik malzemeye el konmuştu cihan
dunya , 700 ton altın taşıyan gemi kayboldu rusya nın doğusunda 700 ton altın cevheri taşıyan bir geminin fırtına nedeniyle kaybolduğu bildirildi yetkililer rusya nın nesan kentinden okhotsk denizi ndeki feklistov adası na giden geminin dün imdat çağrısı yaptığını daha sonra gemi ile iletişimin kesildiğini söyledi polymetal madencilik şirketi tarafından kiralanan gemi 700 ton altın cevherini işlenmesi için feklistov a götürüyordu şirket altın cevherinin piyasa değeri ile ilgili herhangi bir açıklama yapmadı düşük oranda altın içeren altın cevherini taşıyan gemide 9 mürettebat bulunuyordu aa
dunya , meksika adını değiştirmek istiyor meksika devlet_başkanı felipe calderon resmi adı birleşik meksika devletleri olan ülkenin adını değiştirmek istiyor bbc nin haberine göre calderon dünyada ülkenin adının meksika olarak bilindiğini ve meclise sunduğu teklifle birleşik devletleri ifadesini atmak istediklerini belirtti calderon başka yabancı devletleri taklit etmeye ihtiyacımız yok meksika meksika dır ifadesini kullandı 1 aralık ta görev süresi dolacak olan calderon un bu teklifinin hayata geçmesi için kabinenin hem 2 tarafının hem de ülkedeki 31 eyaletten çoğunun oyunu alması gerek 1824 de kabul edilen birleşik meksika devletleri ismi ülkede resmi evraklarda para ve diğer devlet işlerinde kullanıyor calderon 2003 de henüz milletvekiliyken de aynı öneriyi meclise sunmuş ancak teklifi oylanmamıştı
dunya , suriye krizinde taraf değiliz rusya_başbakanı dmitri medvedev suriye krizinde esed ya da muhalefeti desteklemediklerini rusya nın tutumunun tarafsız olduğunu söyledi afp ve le_figaro ya özel açıklamada bulunan medvedev bir kısım ülkelerin suriye de kimin yönetici olacağı yönünde karar verme çabalarının kabul edilemez olduğuna değinen medvedev yabancı güçlerin birilerinin egemenlik alanlarına girerek rejim değişikliği girişimleri medeni değil … uluslar arası hukuk açısından da kabul edilemez eleştirisi getirdi suriye cumhurbaşkanı esed in geleceğine suriye halkının karar vermesi gerektiğini savunan medvedev muhalif güçler de buna dahil olarak esed in geleceği ile ilgili kararı suriye halkının vermesine izin verelim onlar için de yasal yolla iktidara gelmek dışarıdan askeri destek sağlayarak yönetime gelmekten çok daha iyidir değerlendirmesinde bulundu yaptirim olursa silah sevkiyatini durdururuz rusya nın suriye ile olan silah ticareti ile ilgili sorulara yanıt veren rusya_başbakanı uluslar arası bir yaptırım olması durumunda kendilerinin de buna uyacaklarını söyledi medvedev rusya suriye askeri teknik işbirliği çok sınırlı hukuka uygun ve uluslar arası kurallarla çelişmiyor biz_suriye ye uluslar arası rejime aykırı herhangi bir silah ihracatı yapmadık tüm silah ihracatı dış saldırılara karşı savunmaya yönelik bir de biz iktidar kim ne kadar duracak yerine kim geleceğe bakmıyoruz bu konu ülkenin kendi iç meselesi eğer uluslar arası yaptırım gündeme gelirse biz de sevkiyatı durdururuz dedi putin in dişinda bir başkanin başbakani olmam rusya_devlet_başkanı_vladimir_putin le çok sağlıklı bir çalışma ortamı geliştirdiklerini devlet başkanının değişmesi durumunda kendisinin de başbakan olarak çalışamayacağını ifade eden medvedev benim bir başka devlet başkanının altında başbakan olmam zor bunu hayal edemiyorum devlet_başkanı olduktan sonra başbakan olarak çalışılabilecek tek başkan putin … dedi medvedev gerekli enerjiyi bulması ve rusya halkının da kendisini desteklemesi durumunda yeniden başkan olma ihtimaline sıcak baktığını belirtti euro bölgesi ni yakindan izliyoruz euro_bölgesi nde yaşanan sorunların bir an önce çözülmesini istediklerini ifade eden medvedev euro_bölgesi nde yaşanacak muhtemel sorunları ve rusya ekonomisine etkilerini yakından izlediklerini söyledi avrupa nın bazen karar almada çok geciktiği izlenimi edindiklerini kaydeden medvedev rusya nın ticaretinin yüzde 50 sinin ab ülkeleri ile olduğunu bu rakamın 300 milyar euro yu bulduğunu söyledi medvedev rusya nın rezervlerinin de yüzde 41 inin euro cinsinden olduğunu hatırlattı pussy riot un hapsine gerek yok rusya lideri putin aleyhine kilisede ayin yaptıkları için 2 yıl hapis cezası laan punkçı kızların artık serbest bırakılmaları gerektiğini ifade eden medvedev bana göre onlar hapishanede yeterli cezayı çektiler mahkum olmanın ne demek olduğunu anladılar artık daha fazla hapiste tutulmamalı bu benim şahsi görüşüm şeklinde konuştu kızların yaptıklarını gerçekten beğenmediğini kamuoyundaki imajlarından da nefret ettiğini vurgulayan rusya_başbakanı ahlaki açıdan bu çok kötü tespitinde bulundu hodorkovski lebedev af istemedi rusya nın uzun yıllar hapiste tutulan eski petrol şirketi yukos un sahibi mihail hodorkovski ve iş ortağı platon lebedev le ilgili de konuşan medvedev kendilerinin devlet başkanının affetmesi için herhangi bir başvuruları olmadığını hatırlattı medvedev yasal olarak bu şekilde bir talep olmadan devlet başkanının affetme yetkisi olmadığını vurguladı cihan
ekonomi ,  bp türkiye  100 yaşında bp türkiye 100  üncü yılını kutluyor londra 2012 olimpiyat ve paralimpik_oyunları  nda destek verdiği türk sporcularla istanbul  da düzenlenen kutlama gecesinde konuşan bp türkiye akaryakıt ülke müdürü richard harding şöyle konuştu  bp türkiye olarak 100 yıl içerisinde var olduğumuz her alanda değişimi ve çağı yakaladık ürün ve hizmetlerimizle milyonlarca türk insanının yaşamının parçası olduk gerçekleştirdiğimiz yatırımlar ve oluşturduğumuz istihdama ek olarak 100  üncü yılımızı kutlarken türk sporuna katkı sağladık londra 2012 olimpiyat ve paralimpik_oyunları  nda milli takımlarımıza ve 13 sporcumuza destek verdik 
ekonomi , eker gıda takviyesinden viagra çıktı gıda_tarım ve hayvancılık_bakanı_mehdi_eker gıda takviyesi reklamları yapılan ilaçların içinden viagra çıktığını açıkladı en son 8 firmanın sahtekarlıklarını kamuoyuna deşifre ettiklerini belirten eker bunun yanında ürünlerin toplatılması para cezası verilmesi ve suç duyurusunda bulunulması gibi diğer işlemlerin de yapıldığını kaydetti eker et süt ürünleri ve diğer gıda maddelerinde de bu tür sahtekarlıklara göz açtırmayacaklarını belirtti
ekonomi , beetle sevimlilik liginin şampiyonu kalpleri fetheden tasarımıyla milyonlarca kişinin sevgilisi olan volkswagen beetle ileri motor teknolojisi güvenlik donanımı ve sürüş dinamikleriyle bu kez akla da çok yatkın bir otomobil olmuş otomobil profesörü hakan_çelik otomobil tarihinin en önemli modellerinden biri olan volkswagen beetle tamamen yenilendi ve çok kısa bir süre önce satışa sunuldu bu aracı ilk kez geçen yıl volkswagen binek araç genel_müdürü vedat uygun ile birlikte gittiğimiz çin de şangay otomobil fuarı nda inceleme imkanı bulmuştum autoshow un açılışıyla birlikte türkiye nin dört bir yanındaki bayilerde yerini almış olan beetle ı geçen hafta uzun bir parkurda kullandım ilk bakışta insanı kendisine aşık eden sevimli ve çekici bir otomobil olan beetle eski modelden farklı olarak bu kez hem kadınlar hem erkeklerin çok sevebileceği güçlü bir tasarıma kavuştu yeni beetle türkiye de ilk etapta 1 2 ve 1 4 litrelik iki motor seçeneğiyle satışa sunuldu 1 2 litrelik otomobilin gücü 105 beygir 1 4 litrelik modelde ise 160 beygirlik roket gibi bir motor var ben 1 2 litrelik aracın design isimli zengin donanıma sahip versiyonunu kullandım teknolojisi volkswagen e ait olan dsg tiptronik şanzımanlı araç oldukça başarılı yakıt tüketimi performans dengesi de gayet tatminkar rahmi_koç müzesi nde halat restaurant ın önündeki çekim boyunca çoook şeker diye yaklaşan insanların fiyatı ne kadar ne zaman satışa çıkıyor sorularıyla karşılaştım pratik iç mekan türkiye de tek kapılı otomobiller pratik olmadığı ve ikinci elde zor satıldığı gerekçesiyle pek tercih edilmiyordu ancak beetle gibi yeni tasarım araçlarda arka koltuk ve bagajın kullanımı çok kolay örneğin arka koltuklar yatırıldığında çok ciddi bir hacim elde ediliyor ayrıca aracın içinde eşyaları koymak için pek çok yararlı bölme bulunuyor çift gözlü torpido beetle a özgü bir farklılık otomobil sürüş dinamikleri açısından da beni şaşırtan bir performans gösterdi yeni beetle fren mesafesi hızlanma değerleri güvenlik hissi gibi faktörler alt alta değerlendirildiğinde kesinlikle bir ailenin ilk ve tek otomobili olacak özellikte herhangi bir konuda eksiklik hissettirmiyor meraklı bakışlar da işin bonusu diğer sürücüler seyrediyor normal şartlarda yolda küçük otomobil görünce sıkıştırıp yol isteyenler beetle söz konusu olunca arkada sabırla bekleyip otomobilin sıradışı hatlarını seyretmeyi tercih ediyor çünkü beetle arkadan neredeyse porsche kadar çekici görünüyor önemli bir ayrıntı da arka koltuktaki diz mesafesi arkada iki kişi için yeterli oturma alanı var 6 lı cd çalar renkleri ışık ayarıyla değişebilen speakerlar beetle ın kabinindeki önemli detaylar arasında benim kullandığım aracın fiyatı 74 bin tl fakat biraz daha uygun fiyata daha az donanımlı bir beetle almak da mümkün fuar herkesi güldürüyor tüyap ile otomotiv distribütörleri derneği odd tarafından düzenlenen autoshow 2012 fuarı ziyaretçi sayısıyla rekor kırarken satış adetleri açısından da yüzleri güldürdü odd ve fuar yetkilileri cuma günü bir basın toplantısıyla resmi ziyaretçi sayısını ve hangi markanın ne kadar araç sattığını açıklayacak ancak ziyaretçi sayısının 600 bini geçtiği tahmin ediliyor fuar hem yüksek satış adetleri hem de medya halk ilgisiyle otomobil markalarının temsilcilerini de memnun etti fuarda en fazla model gösteren kuruluşlar arasında gelen hyundai assan genel_müdürü ümit karaarslan son iki ayın satışlarının çok olumlu etkileneceğini ve yıl sonunda ekonomik hareketliliğe ciddi yansıması olacağını söyledi karaarslan ötv artışı ve avrupa daki krize karşın beklenenin üzerinde talep olmasından memnun olduklarını ifade etti karaarslan fuarda 1200 araca yakın satış bağlantısı için görüşme yapıldığını açıkladı sektör memnun kaldı toyota ceo su ali_haydar_bozkurt yeni yaris gt 86 auris ve verso gibi modellerin sergilendiği fuarda yaris hybrid e 5 kat talep geldiğini söyledi peugeot 301 ve citroen c elysee nin dünya lansmanı yapılmıştı bu sedan otomobiller iki markanın da yüzünü güldürdü peugeot ve citroen 2013 te bu araçlardan 10 binli adetlere yakın satış yapmayı hedefliyor fuardaki bir salonu tek başına kapatan doğuş otomotiv ise bentley lamborghini ve bugatti gibi şov otomobilleriyle çok ses getirdi diğer taraftan satışına yeni başlanan volkswagen golf sipariş rekoru kırdı volkswagen binek otomobil ekibi fuarda ayrıca çok sayıda touareg passat cc ve yeni tiguan satışı gerçekleştirdi ford ford_otosan fuarda yeni fiesta yeni kuga yeni mondeo b max ve tourneo custom modellerini tanıttı ford kısa bir süre önce de yeni focus u farklı kasa tipleri ve motor seçenekleriyle satışa sunmuştu ford_otosan genel_müdür yardımcısı aykut özüner fuarın ilk 8 gününde 450 civarında satış ve bağlantı gerçekleştirdiklerini anlattı renault renault mais fuarda 414 otomobil satışı gerçekleştirdi bunların 277 si renault 137 si ise dacia renault da satılan araçların çoğu yeni clio hb oldu markanın yeni modelleri symbol ve yenilenen fluence 2013 ün ilk çeyreğinde satışa sunulacak renault mais genel_müdürü ibrahim aybar autoshow 2012 nin iyileştirilmesi gereken bazı yönleri olmakla birlikte son 10 yılın en iyi fuarı olduğunu ifade etti kia fuarın görsel şov bölümünün hiç kuşku yok ki en çok ses getiren markası çelik motor oldu türkiye ye kia yı getiren ve aynı zamanda araç kiralama faaliyeti yürüten çelik motor genel_müdürü bora koçak fuara ünlü rus manken irina shayk ı getirdi medyada yer alma rekoru kıran kia nın fuardaki satışlarının büyük bölümünü sportage modelleri oluşturdu kia toplamda 150 den fazla araç satışı gerçekleştirdi mercedes geçtiğimiz yıllarda 1 6 litrelik c serisi ni getirerek satış patlaması yapan mercedes aynı başarıyı yeni a serisi nden de bekliyor fiyatı 66 bin 800 tl den başlayan bu yeni otomobil fuarın en çok ilgi çeken modellerinden biri oldu yeni ticari araç citan da ilk kez istanbul da sergilendi mercedes ten süer sülün ve şükrü bekdikhan araçların tanıtımına katıldı
ekonomi , merkez in ihalesine 800 milyon liralık teklif tcmb 3 aralık vadeli repo ihalesiyle piyasaya 800 milyon lira verdi ihaleye 800 milyon liralık teklif geldi merkez_bankası bugün düzenlediği 3 aralık vadeli miktar bazlı repo ihalesi ile piyasaya 800 milyon lira verdi ihaleye 800 milyon liralık teklif geldi ihalede en düşük ortalama ve en yüksek basit faiz 5 75 olurken en düşük ortalama ve en yüksek bileşik faiz ise yüzde 5 92 seviyelerinde gerçekleşti
kultur , replikas babylon 08 11 2012 20 30 bugüne kadar altı albüme yurtiçi ve yurtdışında sayısız konsere imza atan replikas türkiye  de gelişen ve değişen müziğin en önemli kalelerinden biri olarak tanımlanıyor pek çok müzik yazarına göre deneysel ve avant garde müziğin ülkemizdeki öncüsü olan replikas özellikle canlı performanslarıyla devleşen bir grup alternatif camiayı heyecanladıran çalışmalarıyla hatırı sayılır bir hayran kitlesi edinen ve son olarak yayınladıkları albümleri biz burada yok iken ile psychedelic rock ve anadolu pop  a saygı duruşunda bulunan replikas 8 kasım_perşembe akşamı babylon sahnesinde ne kadar 28 00 tl
kultur , mavi balon diyarbakır yolcusu hangi insan_hakları film festivali istanbul dan sonra diyarbakır a uğruyor üç gündür devam eden video eylem atölyesi nin ardından istanbul da 5 gün boyunca dolu salonlara oynayan festival programından bir seçki 14 16 aralık tarihleri arasında amed cegerxwin kültür_merkezi nde ücretsiz olarak izleyiciler ile buluşuyor 11 13 aralık ta gerçekleşen video eylem atölyesi nde video eylemin teorik ve pratik yapısına ilişkin konular tartışılıp paylaşıldı atölyeye konuk olarak karahaber video / eylem atölyesi nden oktay ince ve özhan önder artıkişler kolektifi nden alper şen gibi video aktivizm alanında deneyimli isimlerin yanı sıra güncel sanatçı burak delier belgeselci ersin çelik ve italyan gazeteci alberto tetta katıldı atölyenin ardından hangi insan_hakları film festivali programından geniş bir seçki 14 16 aralık ta seyirciyle buluşacak seçkide yer alan yabancı filmler arasında sizden korkmuyoruz we are not afraid savaş muhabiri war reporter beyaz bir paralı_askerim i am a white mercenary salah ın yeri chez salah bilmek istiyoruz we want u to know sinema aşkı her sinema love ve reality 2 0 yer alıyor türkiye den ise emine emel balcı nın alamancı sorununa başka bir pencereden bakan filmi ich liebe dich veysel akşahin in anne ve babasını kaybettikten sonra doğduğu köye tekrar dönen eşcinsel bir insanı konu aldığı kısa belgeseli hala yı mehmet salih çelik ve sevgi aktaş ın şehir hayatında başka bir iş bulamadıkları için mezarlıkta çalışan insanların ve mezarlığın bir gününü gözler önüne seren goristan ı ve ümit kıvanç ın roboski katliamı üzerine yaptığı ağlama anne güzel yerdeyim adlı belgeseli gösterilecek documentarist ve ortadoğu sinema akademisi derneği nin işbirliği sivil toplum geliştirme merkezi nin katkılarıyla gerçekleşen etkinlikte tüm filmler cegerxwin kültür_merkezi nde ücretsiz olarak izlenebilir ayrıntılı bilgi için www hihff org http // www cegerxwin net / ckm / hangi insan haklari ff
kultur , bugünün türkiye sinde hepimiz maskeliyiz istanbul halk tiyatrosu nun yeni oyunu bezirgan ın son provası tüm ekip aynı anda hem röportajda hem provada hem de makarada biri dekoru kontrol ediyor diğeri afişin son halini paylaşıyor duygu demirdağ / cnnturk com fotoğraflar nazlı çapar masada her gsm operatörünün rüyası olacak kadar çok telefon bulunduğu için kısa süre sonra röportajı kaydeden telefonun hangisi olduğunu karıştırıyoruz bulmak için bul karayı al parayı oynuyoruz büyük bir başarıyla her seferinde kaybediyoruz hangi telefon kayıttaydı hala bilmiyoruz bu yüzden sahteyle sahiciyi ayırt etmek isteyen oyunun kulisinde tape den değil kalpten bildiriyoruz bezirgan moliere in tartuffe oyununun uyarlaması özetle tartuffe akil adam rolüyle bir burjuvanın evine kapağı atmış bir din tacirinin serüvenlerini anlatıyor hikaye ticaretin insanlıkla yaşıt tarihi olunca özet kifayetsiz kalıyor bu yüzden tartuffe aslında sadece inanç tüccarlığını değil tüm duyguların tüccarlığını anlatıyor dünyada insanın ruhuna bağlı her ideoloji aynı zamanda çok güzel bir ticaret malzemesi diyor oyunda hem bezirganı hem de masum dindarı oynayan cem davran bezirgan bugünün bu ülkenin tüccarlarını mı anlatıyor şebnem_bozoklu ya göre yaptıkları zamansız bir uyarlama moliere in söylediği sözün uzağına düşmüyorlar ama bize yakın olan kısmın dozunu arttırıyorlar bunu erkan_can ın kelimeleriyle kırmadan dökmeden yapıyorlar kimseyi hedef almıyor ama oyundan herkesin payına düşeni alacağına inanıyorlar bahtiyar engin bu oyun kalpten inanan dindar insanların da oyunudur gerçek dindarlarla sahtekarları dini rant kaynağı görenleri ayırt edin diyerek dindarları koruyan bir oyundur diyor inançlı inançsız ayrımını adamın gözünün ferinden anladığına düşünenlere de kavramlara isimler vererek oluşturduğumuz dili konuşuyor olmamız o dili anlıyor ve yaşıyor olduğumuz anlamına gelir mi diye soruyor bu maskeli balo maskeler oyunun önemli elemanları herkes maske takıyor çünkü çok maske var ! bu sebeptendir ki bezirgan seyirciye yüze de maskeye de aynı saygıyı mı göstereceksiniz diye soruyor cevabı seyirciye bırakıyorlar ama kendi maskeli balo imtihanları unutmuyorlar cem davran üniversite öğrencisiyken benim masamda şu söz dururdu herkes en az iki yüzlüdür bugünün türkiye sinde hepimiz maskeliyiz en büyük sorunumuz sahteyle sahiciyi ayırt edememek arkadaşın da politikacının da sanatçının da sahte ve sahicisini ayırt edemiyoruz diyor şebnem_bozoklu artık daha az şaşırıyor maskelilere … erkan_can daha kalender tespit edersen ne mutlu ama maskeleri anlamak çok zor diyor yıldıray şahinler oyunda sadece bezirgan ın maskesi olmadığını söylüyor çünkü onun bir maskeye ihtiyacı yok ! tiyatro öğrencileri için erketelik yapılır istanbul halk tiyatrosu tam da bu ! dediğimiz yerde tam da nasıl olduklarını anlatan konuya geliyoruz twitter üzerinden devlet_tiyatrosu nun oyunlarına kaçak girdiğini ilan eden bir konservatuar öğrencisine cevaben istanbul halk tiyatrosu oyunlarına kaçak olarak girmeye çalışan tiyatro öğrencilerine itinayla erketelik yaparım maymuncuk bulurum diyen yıldıray şahinler desteğini yineliyor oyunun yönetmeni yer kalmadığı için muhtemelen ben de merdivende oturacağım öğrenci arkadaşlarımı da beklerim yanıma diyor oyun her çağın sıkıntısından o kadar haberdar ki dünyada yalnızca tartuff oynayarak kariyerini tamamlamış aktörler var oyun o kadar güçlü ki tiyatroyu çok seven kral 14 louis bile vatikan ın baskısına dayanamayarak sahnelenmesini yıllarca yasaklamış ve oyun o kadar hazır ki 13 kasım_salı günü bkm de galası var diğer gösterimlerin programı www istanbulhalktiyatrosu com da
kultur , gelenek malzeme deposu gibi kullanılamaz dergah dergisi aralık sayısının orta sayfa sohbetinde akademisyen ve edebiyatçı bahtiyar aslan  ı konuk etti türk edebiyatı yedi iklim dergah gibi dergilerde şiir deneme ve hikayeleri yayınlanan sessiz hikayeler kentin haberi yok adlı bir kitabı bulunan aslan geleneğe bakış konusunda dikkat çekici bir değerlendirmede bulunuyor gelenek bize her şeyin ölçüsünü ayrı ayrı veren bir müessese değildir ölçmenin bilgisini verir ki işe yarar olan da budur gelenek kendisinden bir şeyler alınıp bir yere taşınacak bir şey değildir bir malzeme deposu olarak kullanamazsın onu öyle yaparsan oryantalistlerden farkın kalmaz ben onun temellük edilmesinden ona içten bir bakışla bakılmasından yanayım
kultur , buzdan kent yılın 5 ayında hava sıcaklığının sıfırın altında olduğu çin in kuzey doğusundaki heilongjiang eyaleti nde 1985 yılından bu yana düzenlenen çin harbin uluslararası buz ve kar festivali yine ilgi çekti en az 100 gün süren festival sırasında harbin in sokakları ve caddelerinde çeşitli buz heykelleri sergilendi buzdan piyano süpürgeye binmiş harry_potter ve 2008 beijing olimpiyat_oyunları nın fuwa bebekleri ve daha pek çok buz heykel şeffaf buz ve buz içine gıda renklendiricilerle apayrıbir güzellik katıyor 400 bin metrekareden fazla bir alanı kapsayan buz ve kar dünyası nda saray ve kale buzdan yapıldı harbin deki yüz yıl buz feneri konulu park olan zhaolin parkı nda yüksekliği 60 metreye ulaşan bir buz dolambacı inşa edildi bu yılki festivalde yüzlerce etkinlik düzenlendi buzdan yapılmış 2 binden fazla sanat eseri sergilendi festivalde güney_kore rusya ve israil den gelen 200 den fazla yarışmacı kar heykeli buz oymacılığı ve yüzme yarışmalarına katılıyor türkiye japonya brezilya ve güney_kore den birçok televizyonun izlediği festivalde disney temalı buzdan bir park da bulunuyor
saglik , ister tango yap ister göbek at ! dünya sağlık örgütü nün rakamlarına göre 2000 de 66 olan ortalama ömür 2009 da 68 e yükseldi ama iskeletimiz uzun yaşam süresine hazır değil florence nightingale hastanesi nden ortopedi ve travmatoloji uzmanı prof dr uğur işıklar kemik yoğunluğunda azalma rahatsızlığındaki artışa dikkat çekiyor ayağı halıya takılan kişinin omuzu el bileği kırılabiliyor 2030 yılında hastane yataklarının üçte biri kemik erimesi sebebiyle kırık vakası yaşayan hastalardan oluşacak kadınların bu konuda dezavantajı daha yüksek bu yüzden güneşle temas etmeleri fazla kilo almamaları ya da zayıf kalmamaları gerekiyor aşırı zayıf kadınlarda kemik erimesi daha yoğun görülüyor kemikleri güçlendirmek için egzersiz dediğimizde insanlar ne yapacağım diye düşünüyor oysa egzersiz bir harekettir egzersiz yapamıyorsanız dans edin sadece kadınlara değil erkeklere de bol bol dans etmelerini öneriyorum tango yapın göbek atın zıplayın
saglik , akıl hastaneleri tarih olacak sağlık_bakanı_recep_akdağ yeni yılla birlikte ağır ruh sağlığı problemi olan hastaların tedavi edileceği toplum temelli ruh sağlığı merkezlerinin sayısının artırılacağını bildirdi hastanın evine en yakın yerde tedavi olacağı sistemde gerekirse kısa süreli bir yatışın ardından takip toplum temelli ruh sağlığı merkezlerinde yapılacak sağlık_bakanı akdağ bakanlığının 2013 yılı projelerini aa muhabirine anlattı yeni yılda ruh sağlığı hizmetleriyle ilgili yenilikler olacağını açıklayan akdağ hastaların depo hastanelere götürüldüğü modelden toplum temelli ruh sağlığı modeli ne geçiyoruz dedi şu anda 50 den fazla toplum temelli ruh sağlığı merkezinin bulunduğunu bu sayının 200 ün üzerine çıkarılacağını belirten akdağ şöyle devam etti bütün şehirlerimizde ruh sağlığı problemi olan hastalarımızı toplum içinde tedavi edebileceğimiz ailesiyle ya da toplumla irtibatını daha yakın tutup rehabilitasyonunu sağlayabileceğimiz bir modele geçiyoruz bu hastaneleri 2 3 yıl içerisinde dönüştürmüş olacağız yani yüzlerce kişinin bir arada toplandığı hastanelerden kişinin daha çok kendi ortamında tedavi gördüğü bir modele geçiyoruz ambulans sayısı 5 e çıkacak yeni yılda ayrıca hava ambulans filosunu güçlendireceklerini anlatan bakan_akdağ 3 yeni ambulans uçağın eklenmesiyle toplam sayının 5 e ulaşacağını belirtti acil hizmetler açısından vatandaşa artık çok rahat ulaşabildiklerini ifade eden akdağ kara ambulansı filosuna da takviye yapacaklarını söyledi aile hekimlerinin sağlıklı hayatı teşvik için oluşturulan programlara dahil edileceğine dikkati çeken akdağ sigara ve obeziteyle mücadele gibi konuları aile hekimlerinin daha yakın takip edeceğini bildirdi ilaç israfını önlemek için kampanya 2013 te ilaç israfının önlenmesi için akılcı ilaç kullanımı konusunda bir kampanya başlatacaklarını kaydeden akdağ çok ilaç değil bilinçli ilaç diyeceğiz vatandaşımızda bu farkındalığın oluşması gerekiyor vatandaşlarımızın doktorlarımızı ilaç yazmaları konusunda asla zorlamamaları gerekiyor dedi tedavi edici hizmetler açısından ise oluşturulan kamu hastane birliklerinin vatandaşa verilen hizmeti daha da geliştireceğini vurgulayan recep_akdağ 2013 te merkezi hastane_randevu sistemi ni daha da yaygınlaştıracaklarını kaydetti halen hastaların dörtte birinin bu sistemi kullandığını dile getiren akdağ bu oranın 2013 te yüzde 50 60 ların üzerine çıkarılmasının hedeflendiğini söyledi toplum temelli ruh sağlığı modeli ana amacı hastanın evine en yakın yerde hizmet alması olan sisteme göre kısa süreli yatış gerektiren durumlarda hasta bir psikiyatri kliniğinde yatırılarak takip edilecek yatışı gerektiren sorun ortadan kalkınca hasta toplum temelli ruh sağlığı merkezine yönlendirilecek bu merkezlerde psikiyatri uzmanı sosyolog sosyal çalışmacı uzman hemşirelerin çalıştığı alanlar olacak hastaların rehabilitasyonuna katkı için uğraş terapistleri de görev yapacak sistem süreç içerisinde aile hekimleri ile de irtibatlandırılacak
saglik , akciğer tomografisi hayat kurtarıyor başta sigaranın neden olduğu akciğer kanserinde erken tanı ile hastalığın ilk evrede teşhisi ve tedavisi mümkün ! akciğer kanserinin görülme sıklığı kadınlarda da giderek artıyor ağırlıkta sigaranın neden olduğu akciğer kanserinde erken tanı ile hastalığın ilk evrede teşhisi ve tedavisi mümkün ! erken evrede tümörleri yakalayan düşük doz akciğer tomografisi ne zaman ve kimlere yapılmalı akciğer kanseri son yıllarda giderek artıyor geçmişte 60 yaşın üzerindeki erkeklerde görülen bu kanser türü günümüzde kadınlar arasında da sıklığı artmakla birlikte erkeklerde görülme yaşı da 60 ın altına indi neolife tıp merkezi nden göğüs cerrahisi uzmanı doç dr gökhan hacıibrahimoğlu hızlı ilerleyen kanser türleri arasında akciğer kanserinin erkeklerde birinci kadınlarda ise ikinci sıklıkta görüldüğünü belirtiyor hacıibrahimoğlu sigara puro / pipo kullanımı pasif içicilik sanayi gelişmesine bağlı olarak kullanımı artan asbest benzen arsenik gibi kanser yapıcı maddeler krom nikel kadmiyum gibi metaller hava kirliliği ultraviyole ışınları ve geçirilmiş akciğer hastalıklarının akciğer kanserine yakalanma riskini artırdığına dikkat çekiyor bazim mesleklere dikkat ! yapılan pek çok çalışma akciğer kanserlerinin yüzde 90 sigara kaynaklı olduğunu ve sigaranın akciğer kanser riskini 5 ila 15 kat arasında artırdığını gösteriyor sigaraya başlama yaşı toplam sigara içme süresi ve günde içilen sigara sayısı ile bu risk artarken sigaranın bırakılması ile azalıyor bazı meslekler de akciğer kanserini tetikliyor ve yakalanma riskini artırıyor bu nedenle madenciler tekstil izolasyon ve tersane işçileri petro kimya baca temizleyicileri plastik sanayi işçileri maden ve kaynak işçileri çamaşır suyu üreticileri cam seramik muşamba ve batarya işçileri boya çelik dökümhane işçilerinin düzenli aralıklarla kontrol testlerini yaptırmaları gerekiyor düşük dozda tomografi teşhiste önemli her kanser türünde olduğu gibi akciğer kanserinde de erken tanı ile hastalığın ilk evrede teşhisi ve tam tedavisi mümkün akciğer kanserinin teşhisinde bilgisayarlı tomografi manyetik rezonans görüntüleme pozitron emisyon tomografisi kan ve balgam testleri kullanılıyor neolife tıp merkezi nden radyoloji uzmanı_dr esra çay hastalığın erken dönemde belirti vermemesi nedeniyle özellikle yoğun sigara içenlerde tümörün tespitini sağlayan ve tedavinin başarısını artıran bilgisayarlı tomografinin erken evre teşhiste önemini vurguluyor ve şöyle devam ediyor akciğer kanseri taramasında tanısal bir yöntemin yeterli olabilmesi için erken evrede tümörleri yakalamada duyarlılığı ve iyi huylu nodülleri saptamada seçiciliğinin yüksek olması gerekiyor radyasyona daha az maruz kaliniyor bilgisayarlı tomografi akciğer nodüllerinin tespitinde akciğer grafisinden daha duyarlı bir inceleme yöntemidir akciğer grafisi teknik özelliklerinden dolayı küçük çaplı tümörleri ve akciğerlerin hilus adı verilen kesimlerinde yerleşim gösteren ve orta hatta yakın tümörleri erken evrede saptayamıyor üstelik düşük doz bilgisayarlı tomografi tekniği normal bilgisayarlı tomografiye göre hastaya daha az radyasyon veren ancak teşhis için yeterli kalitede görüntü alınmasını sağlayan bir yöntemdir amerikan akciğer derneği 30 yıl boyunca günde bir paket sigara içmiş kişiler sigara içen ya da sigarayı bırakmış 55 74 yaş arası kişiler sigarayı bırakmasının üzerinden 15 yıldan daha az zaman geçmiş kişilerde tarama amaçlı olarak akciğer grafisi yerine düşük doz akciğer tomografisini öneriyor yüksek risk taşıyanların düşük doz akciğer tomografisi ile taranması hem akciğer kanserinin erken teşhisini sağlıyor hem de radyasyon ile ilişkili riskleri minimize ediyor
saglik , her baş ağrısı sinüzit her burun akıntısı grip değildir recep_tayyip_erdoğan üniversitesi tıp_fakültesi kulak burun boğaz hastalıkları anabilim dalı başkanı_prof dr engin dursun karadeniz_bölgesi nde alerjik burun rahatsızlıklarının çok yaygın olduğunu belirterek hastalar benim uzun zamandır burun akıntım var çok uzun yıllardan beri sinüzitim var diye geliyor ayrıntılı olarak değerlendirdiğimizde aslında hastaların büyük çoğunluğunun şikayetlerinin alerjiye bağlı olduğunu görüyoruz dedi dursun aa muhabirine yaptığı açıklamada bölgenin özellikleri nedeniyle bu mevsimlerde alerjik hastaların yakınmalarının arttığını belirtti baş ağrısı şikayeti ile gelen hastaların bu mevsimde çok fazla olduğunu ifade eden dursun hastalar sinüzit oldukları düşüncesi ile geliyor baş ağrısının nedenlerini alt alta yazdığınız zaman sinüzite bağlı baş ağrısı nedenlerden sadece biri hastanın stresli durumu günlük yaşam şartları veya migren türü baş ağrıları bu dönemlerde çok arttığı için hastalar hemen sinüzitle ilgili şikayetim var diye geliyor şeklinde konuştu ikinci grup hastaların uzun zamanlı burun akıntısı şikayetiyle geldiğini belirten dursun hastalar benim uzum zamandır burun akıntım var çok uzun zamandan beri sinüzitim var diye geliyorlar ayrıntılı olarak endoskopi muayene veya radyolojik tetkiklerle değerlendirdiğimiz zaman aslında hastaların büyük çoğunluğunun şikayetlerinin alerjiye bağlı olduğunu görüyoruz bu iki ayrım iyi yapıldıktan sonra tedavi planlanmalı dedi baş ağrısını hafife almayın hastaların şikayetleri olunca hemen bir eczaneye gidip ağrı kesici aldığını kaydeden dursun şunları söyledi bazen işe yarıyor bir gribal enfeksiyon geçiriyorsanız veya burun akıntısı buna bağlı ise eczaneye gittiğinizde size antigribal ilaçlar veriliyor bir kısmı bu şikayetleri azaltabiliyor fakat bu hastaların üzerine bir sinüzit veya altta yatan başka faktörler varsa muayene edilmeden ilaç başlanması daha sonra gelişebilecek komplikasyon veya ileri hastalıkları atlamamıza tedavinin gecikmesine neden olabiliyor karadeniz_bölgesi nde burunla ilgili alerjik hastalıkların çok yaygın olduğunu belirten dursun şöyle devam etti alerjik rahatsızlıkları bulunan hastaların büyük bir kısmında burun tıkanıklığı burun akıntısı hapşırık ve buna benzer şikayetler var bu hastaların bir kısmında aynı zamanda burun içerisinde eğrilikler mevcut halk arasında burnunda kemik var eğriliğim var diyen hastaların büyük bir grubunda alerji de var bu iki hasta grubunu iyi değerlendirmek lazım alerjileri yoksa burun eğriliğinin düzeltilmesi hastaların büyük oranda sıkıntılarını gideriyor eğrilikle birlikte alerji problemi de olan hastalarla ameliyat öncesi konuşmak gerektiğini dile getiren dursun şunları kaydetti hastalar ameliyattan sonra alerjiye bağlı şikayetlerinde çok büyük düzelme hatta geçme beklentisinde oluyor hastaları bu beklentiye sokmamak lazım çünkü alerjik hastalıklar da şeker yüksek tansiyon hastalıkları gibi sistemik hastalıklar bu hastalıkları ameliyatla tedavi etmek mümkün değil burun eğriliklerini düzeltmekle hastaların yaşam kalitelerini son derece artırıyoruz ardından bu hastalar alerjiye bağlı ilaçlarını da kullandıkları zaman son derece rahatlıyor alerjik hastaların dikkat etmesi gerekenler prof dr engin dursun uzun süreli şikayetleri olan kişilerin mutlaka alerji testlerini yaptırması buna göre tedaviye başlaması gerektiğini vurgulayarak şu uyarılarda bulundu bu tür rahatsızlığı bulunan hastalar çamaşır suyu deterjanlar çok tozlu ve nemli ortamlardan uzak durmalı alerjik hastaların yataklarını belli bir düzen içerisinde mutlaka temizlemeleri odalarını havalandırmaları gerekir deterjanlar bu hastalarda zaman zaman ciddi sıkıntılara neden olabiliyor evlerde veya çalışılan yerlerde halılar da sorun oluşturabiliyor bu tür rahatsızlığı bulunanların özellikle kış mevsiminde doğal besinlerle vücut dirençlerini çok yüksek tutmaları gerekiyor
siyaset , bakanlıklar lale_devri nde mhp ankara milletvekili özcan_yeniçeri bakanlıkların lale_devri ni aratmayan büyük bir şatafat içinde olduğunu savundu mhp ankara milletvekili özcan_yeniçeri meclis te düzenlediği basın toplantısında bakanlıkların lale devrini aratmayan bir şaşaa içinde olduklarını kiralanan binalar için büyük meblağlar ödendiğini belirtti soru önergelerine verilen cevaplara göre çevre ve şehircilik_bakanlığı nın 2012 yılı için balgat ta bulunan hizmet binasına 1 milyon 416 bin tl aynı bakanlığın söğütözü ndeki hizmet binası için yıllık 2 milyon 714 bin tl kira ödendiğini kaydeden yeniçeri dışişleri_bakanlığı sorduğumuz bir soruya verdiği cevapta ek hizmet için kiraladığı bir binaya 2003 yılından 2012 yılına kadar ödediği kira bedeli toplam 4 milyon 249 bin 588 tl bülent_arınç a bağlı olan basın yayın enformasyon genel_müdürlüğü hizmet ve ek bina için 2008 yılından 2012 yılına kadar toplam 10 milyon 857 bin 134 tl ödeme yapılmıştır arınç çok duygulu bir insan eminim bu rakamı duyduğunda gözleri yaşaracaktır dedi cumhurbaşkanı_abdullah_gül tarafından boşaltılmadığı için dışişleri_bakanı_ahmet_davutoğlu na kiralanan resmi konuta 4 yıl içinde 1 milyon 820 bin 794 tl para ödendiğine dikkat çeken yeniçeri milletin 2 milyona yakın parası boşa gitmiş oluyor bu paralar ilgililerden görevleri ne olursa olsun faizi ile birlikte tahsil edilmeli elbette dışişleri_bakanı güzel bir binada oturacak ama bu ne şatafat siz çok özel bir yaratık mısınız 1 milyon 820 bin tl ile bir değil birden fazla konut yapılır bunu nasıl düşünemezsiniz diye konuştu yeraltindan petrol çikartmak için para harcandiği zannediliyor temsil ve tanıtım giderlerinin fazlalığına da dikkat çeken yeniçeri şunları dile getirdi enerji ve tabii_kaynaklar_bakanı_taner_yıldız sorduğumuz soruya şöyle bir cevap verdi yemekli toplantı tanıtım ve ikram malzemeleri için 2008 yılında 33 bin 221 tl 2009 yılında 44 bin 795 tl 2010 yılında 92 bin 346 tl 2011 yılında ise 81 bin 649 tl harcanmıştır bakanlığım ve ilgili kuruluşların da toplam yemekli toplantı tanıtım ve ikram malzemeleri için 2008 yılında 1 milyon 785 bin 528 tl 2009 yılında 1 milyon 750 bin 504 tl 2010 yılında 1 milyon 981 bin 696 tl 2011 yılında 2 milyon 472 bin 194 tl ve 2012 yılında 2 milyon 344 bin 41 tl harcama yapılmıştır halkımız da yer altından doğalgaz petrol çıkarmak için para harcandığını zannediyor yeniçeri maliye_bakanlığı nın 2012 yılı için tanıtım organizasyon ağırlama yemek ve davet giderleri için toplam 2 milyon 796 bin 131 tl ödendiğini söyledi bir kilo çikolata 185 tl kamuda bir kilo çikolatayı 185 tl ye alan birimler bulunduğunu belirten yeniçeri bir kilo çikolata 185 tl bu hükümetin bağırsakları ilahi bağırsak mideleri ve kalpleri maneviyat ile dolu hep moral ve ahlaki biçimde çarptığı için bunların özel yemeleri özel bakılmaları gerekiyor ifadesini kullandı yeniçeri basın toplantısında tevfik fikret in yiyin efendiler yiyin bu han ı iştiha sizin mısralarının bulunduğu han ı yağma isimli şiirini okudu cihan
siyaset , iktidarın gerçek niyeti ortaya çıktı chp genel_başkan_yardımcısı adnan_keskin 29 ekim cumhuriyet_bayramı dolayısıyla ankara da sivil toplum örgütlerince yapılmak istenen kutlama etkinliklerinin yapay gerekçelerle yasaklandığını ileri sürerek kutlamaların yapay gerekçelerle yasaklanmasıyla iktidarın rejim için gerçek niyeti gün yüzüne çıktı dedi keskin bayram ziyaretleri için geldiği tavas ilçesinde gazetecilere yaptığı açıklamada ankara da yarın yasağa rağmen yapılacak kutlamaların türkiye nin sahipsiz olmadığını göstereceğini iddia etti türkiye_cumhuriyeti nin kuruluşundan itibaren ilk kez cumhuriyeti yok etme ve yaşatma mücadelesine sahne olduğunu öne süren keskin kutlamaların yapay gerekçelerle yasaklanmasıyla iktidarın rejim için gerçek niyeti gün yüzüne çıktı ak_parti ateşle oynamaktadır bu ateş cumhuriyet rejimini değil iktidarı yakar diye konuştu keskin cumhuriyet ile kazanılan değerleri hiç kimsenin yok sayamayacağını belirterek şunları söyledi bugün ülkemizde cumhuriyet kutlamalarını yasaklamaya kadar ileri giden zihniyete ankara_ulus ta türkiye nin dört bir yanından gelen cumhuriyet severler gerekli dersi verecektir halkımız artık türkiye_cumhuriyeti nin genleriyle oynandığını fark etmiştir iktidarın sinsice ortaya koyduğu planı anlamıştır bu yüzden cumhuriyet adına en önemli toplumsal reaksiyonu vermiş ve ayağa kalkmıştır şimdiye kadar rejim tehlikeye düştüğünde halkımız türk silahlı kuvvetleri nden beklenti içine girmişti şimdi ise halkımız türk silahsız kuvvetleri olarak devreye girmiştir bu durum halk hareketi için çok önemli bir gelişmedir türk halkı cumhuriyeti yasaklamaya kalkan anlayışa karşı sivil direniş hareketini başlattı aa
siyaset , vural dan karadayı yorumu mhp_grup_başkanvekili_oktay_vural ismail_hakkı_karadayı nın gözaltına alınmasını değerlendirdi mhp_grup_başkanvekili_oktay_vural 28 şubat ın mağduru olarak çıkanların aynı zamanda 28 şubat ın hedef aldığı siyasi düşünceyi bölmek ve dönüştürmek ve değiştirmek isteyen bir siyasal düşünceyle ortaya çıkmaları tesadüfi değildir dedi oktay_vural meclis te düzenlediği basın toplantısında gündeme ilişkin soruları cevapladı eski genelkurmay_başkanı orgeneral_ismail_hakkı_karadayı nın 28 şubat soruşturması kapsamında ifade vermek üzere ankara ya götürülmesi ile ilgili bir soru üzerine vural konu ile ilgili yargı sürecinin devam ettiğine dikkat çekti vural 28 şubat ın hedeflediği siyasal yapılanma kimin sayesinde gerçekleşmiştir 28 şubat tan önce düşünceleri farklı olanlar bugün farklı düşünüyorsa 28 şubat ın arzu ettiği siyasi mimari kimlerin sayesinde gerçekleşmiştir asıl bu yöne de bakmak lazım kimin önünü açmıştır buna da bakmak lazım dolayısı ile 28 şubat ın mağduru olarak çıkanların aynı zamanda 28 şubat ın hedef aldığı siyasi düşünceyi bölmek ve dönüştürmek ve değiştirmek isteyen bir siyasal düşünceyle ortaya çıkmaları tesadüfi değildir diye konuştu
siyaset , 100  türkiye vekili  barajsız seçilecek yeni anayasada dört parti  türkiye milletvekilliği  konusunda uzlaştı meclis teki 4 parti uzlaşti tbmm anayasa_uzlaşma_komisyonu nun 2 nolu yazım komisyonun toplantısında tbmm nin kuruluşu ve milletin temsili başlıklı madde görüşüldü maddede chp nin önerisi olan türkiye milletvekilliği önerisi diğer partiler tarafından da kabul edildi buna göre tbmm 450 milletvekilinden oluşacak 450 milletvekili nispi seçim sistemiyle seçilecek 100 türkiye milletvekili ülke seçim çevresi oyuyla gelecek bölüm üzerinde chp nin ülke barajının yüzde 5 ten fazla olmaması bdp nin de barajın kaldırılması önerileri tartışıldı mhp ve ak_parti baraj konusunda ısrar etti ülke barajının kaldırılmasını onaylamayan mhp baraj nedeniyle meclis e giremeyen marjinal görüşleri temsil eden partiler için açılım yaptı çoğulculuk ilkesi sağlanmış olacak mhp bu partilerin az da olsa meclise temsilci göndermesini sağlayacak türkiye milletvekilliği sistemine evet dedi sisteme göre 100 milletvekili ülke seçim çevresinden seçilecek her parti aldığı yüzdelik oya göre baraj olmaksızın meclis e vekil gönderecek bu durumda yüzde 1 oy alan partinin de bir vekili olacak türkiye de 200 e yakın partiden 50 sinin faal olduğu seçime girme yeterliliğini sadece 17 partinin taşıdığına işareteden mhp li faruk_bal bu sistemle çoğulculuk ilkesinin yerine getirilmiş olacağını söyledi toplantıda temsilde kadın erkek eşitliği sağlanmasına ilişkin fıkra yazılması uygun bulunurken maddenin nasıl yazılacağı konusunda anlaşma sağlanamadı
siyaset , örgütler ölümcül eylemlerde hasta ve yaşlıları kullanıyor istanbul_gaziosmanpaşa  da biri anne karnında iki çocuk babası polis memuru mücahit_daştan  ı şehit eden nurgül acar  ın kanser hastası olduğunun ortaya çıkması hasta ve yaşlı teröristleri baskıyla ölüme gönderen terör örgütlerinin çirkin yüzünü bir kez daha ortaya koydu son aylarda dhkp c tarafından gerçekleştirilen eylemlere katılan birçok militanın ölümcül hasta olması bu iddiaları güçlendirdi dhkp c  nin yanı sıra pkk da hastalanan teröristleri canlı bomba olmaya zorladığı istatistiklere yansıdı göğsünün biri alınmış hasta trabzon  da tayad eylemi sırasında linç edilmekten polis tarafından kurtarılan nurgül acar 7 yıl sonra faturasını ödedikten sonra görev yerine dönen mücahit_daştan isimli polis memurunu şehit etti yenibosna polis merkezi  ne nabiha arıcı ile birlikte saldıran ancak polisin karşılık vermesi sonucu olay yerinden kaçan acar  ın örgütten gelen baskılar nedeniyle gördüğü ilk polise saldırdığı iddia ediliyor saldırının ardından gaziosmanpaşa ilçe emniyet_müdürlüğü ekipleri tarafından gözaltına alınan acar  ın yapılan muayenesinde kanser hastası olduğu ortaya çıktı göğsünün biri alınan acar  ın kanser hastası olması akıllara terör örgütlerinin canlı bomba eylemlerinde hasta ve hayattan beklentisi kalmayan teröristleri kullanmasını getirdi terör örgütlerinin ölüme gönderdiği hasta örgüt mensupları arasında taksim bombacısı da bulunuyor kimi kanser kimi beyin tümörü ibrahim çuhadar kanser tedavisi görüyordu sultangazi 75 yıl polis merkezi amirliği  ne yapılan canlı bomba saldırısında polis memuru bülent özkan şehit oldu 5 kişi de yaralandı saldırıyı dhkp c  li ibrahim çuhadar  ın gerçekleştirdiği tespit edildi terör örgütü üyesi olmaktan poliste kaydı olan çuhadar  ın kanser hastası olduğu belirlendi nurgül acar meme kanseri olduğu belirlenen nurgül acar  ın yenibosna 75 yıl polis merkezine saldırırken yanında olan arkadaşı nabiha arıcı  nın da hasta olduğu belirlendi polisten kaçarken yakalanan arıcı  nın böbreklerinden ameliyat olduğu öğrenildi aynı eyleme katılan iki teröristin de hasta olması dikkat çekti sakin g  terörle_mücadele_şube_müdürlüğü tarafından eyüp ilçesinde yapılan operasyonda 4 kilo amanyum nitrat ile yakalanan sakin g  nin depresyon ilaçları kullandığı tespit edildi eski dhkp c  li asuman akça  yı vuran selçuk a psikolojik sorunları nedeni ile askerlik görevini tamamlayamadığı öğrenildi servet gözmen  avcılar denizköşkler mahallesi reşitpaşa caddesinde para çeken polis memuru sabri yiğit  e silahlı saldırıda bulunan servet gözmen yakalandıktan sonra sağlık kontrolünden geçirildi gözmen  in vücudunda jilet izleri olduğu görüldü taksim bombacısı behçet hastası eylemlerde hastaları kullanan bir başka örgüt ise pkk taksim meydanında görev yapan çevik_kuvvet minibüsüne yönelik canlı bomba eylemi yapan pkk  lı terörist vedat acar  ın da behçet hastası olduğu ortaya çıkmıştı derveş şino kod adını kullanan acar  ın hastalığı iyice ilerlediği için örgüt kamplarında balık tutmak odun toplamak ve yemek yapmak gibi işleri yaptığı ortaya çıkmıştı hastalığı nedeni ile örgüt içinde  hasta vanlı  olarak çağrılan vedat acar bu nedenle canlı bomba eylemine gönderildiği iddia ediliyor kartepe feribotunu 24 mürettebat ve yolcusu ile birlikte kaçırılan ve yapılan operasyonda ölü ele geçirilen mensur güzel  inde hasta olduğu ortaya çıkmıştı ölü ele geçirildikten sonra otopsisi yapılan güzel  in beyninde ur çıkmıştı hasta militan infaz edilmişti terör örgütleri hastaları kendileri yük olarak görüyor istenilen eylemi yapmayan hasta teröristler bir anda ortadan kayboluyor tedavi için hastaneye gönderildiği açıklanan teröristin aslında infaz edildiğini ise tüm örgüt biliyor geçtiğimiz aylarda örgütten kaçarak güvenlik güçlerine teslim olan e b verdiği ifadede hasta teröristlerin öldürüldüğünü söylemişti terör örgütlerinin canlı bomba eylemlerinde ve güvenlik güçlerine yönelik saldırılarda hasta teröristleri kullanması istihbarat raporlarını da yansıdı örgütlerin hayattan beklentisi kalmamış sabıkalı ve hasta teröristleri eylemlerde kullanılması için talimat verdiği belirtiliyor
